S1,S2,S3,S4,S5,ax,ay,az,gx,gy,gz,Time
-0.04177,-0.04585,-0.14046,-0.0917,-0.00217,-0.08,-0.99,0.16,-0.35,-1.89,0.49,5.5
-0.02943,-0.03356,-0.07424,-0.06712,-0.01404,-0.08,-0.98,0.16,-0.07,-1.4,0.28,5.51
-0.03562,-0.042789999999999995,-0.11657999999999999,-0.08559,-0.01832,-0.08,-0.98,0.17,-0.21,-1.26,0.35,5.5200000000000005
-0.03046,-0.04381,-0.09852000000000001,-0.08763,-0.00866,-0.07,-0.99,0.17,-0.07,-1.82,0.49,5.53
-0.02528,-0.03972,-0.11358,-0.07945,-0.01511,-0.07,-0.99,0.17,0.0,-1.96,0.56,5.54
-0.034589999999999996,-0.04177,-0.10455999999999999,-0.08354,-0.00325,-0.07,-0.99,0.17,-0.28,-2.24,0.49,5.55
-0.0387,-0.03972,-0.12257,-0.07945,0.0,-0.07,-0.99,0.17,-0.35,-2.73,0.49,5.5600000000000005
-0.03665,-0.04381,-0.08945,-0.08763,-0.01511,-0.08,-0.99,0.16,-0.28,-2.66,0.77,5.57
-0.0315,-0.04075,-0.11358,-0.0815,-0.01296,-0.07,-0.99,0.16,-0.28,-2.66,0.63,5.58
-0.03046,-0.03767,-0.11957999999999999,-0.07535,-0.01511,-0.07,-0.99,0.16,-0.49,-3.22,0.49,5.59
-0.02632,-0.0315,-0.08641,-0.06299,-0.01081,-0.07,-0.99,0.16,-0.42,-3.29,0.7,5.6000000000000005
-0.03973,-0.04177,-0.14046,-0.08354,-0.00434,-0.08,-0.99,0.16,-0.56,-3.15,0.7,5.61
-0.03356,-0.03046,-0.11657999999999999,-0.06092,-0.01081,-0.08,-0.98,0.17,-0.49,-2.94,0.42,5.62
-0.02528,-0.03767,-0.09852000000000001,-0.07535,-0.01404,-0.09,-0.98,0.17,-0.14,-2.8,0.63,5.63
-0.03562,-0.03665,-0.10757,-0.07329,-0.00974,-0.09,-0.99,0.17,-0.21,-2.38,0.35,5.64
-0.03665,-0.0387,-0.12257,-0.0774,-0.00542,-0.09,-0.99,0.17,-0.42,-1.89,0.14,5.65
-0.03356,-0.03767,-0.13153,-0.07535,-0.01296,-0.08,-0.99,0.17,-0.63,-1.96,0.0,5.66
-0.02528,-0.03356,-0.0955,-0.06712,-0.00542,-0.08,-0.99,0.17,-0.56,-1.96,0.07,5.67
-0.03046,-0.03356,-0.10153999999999999,-0.06712,-0.01296,-0.09,-0.99,0.17,-0.7,-2.1,-0.07,5.68
-0.027360000000000002,-0.03253,-0.10153999999999999,-0.06506,-0.01081,-0.09,-0.99,0.16,-0.42,-2.03,-0.28,5.69
-0.0428,-0.03665,-0.11657999999999999,-0.07329,-0.01296,-0.09,-0.99,0.16,-0.7,-1.96,-0.42,5.7
-0.02216,-0.0232,-0.08945,-0.04639,-0.00866,-0.09,-0.99,0.17,-1.12,-1.68,-0.91,5.71
-0.02632,-0.02735,-0.08641,-0.05471,-0.01832,-0.1,-0.98,0.17,-1.05,-1.54,-0.91,5.72
-0.02424,-0.02943,-0.08945,-0.05885,-0.00758,-0.1,-0.98,0.17,-0.91,-1.4,-1.4,5.73
-0.02528,-0.02943,-0.09247000000000001,-0.05885,-0.00217,-0.1,-0.99,0.17,-1.05,-1.05,-1.47,5.74
-0.014830000000000001,-0.0232,-0.06813999999999999,-0.04639,-0.00974,-0.1,-0.99,0.18,-1.54,-0.84,-2.17,5.75
-0.02216,-0.02839,-0.0955,-0.05678,0.00217,-0.1,-0.99,0.18,-1.75,-1.26,-2.52,5.76
-0.015880000000000002,-0.0232,-0.062020000000000006,-0.04639,-0.00542,-0.11,-0.99,0.18,-2.1,-1.05,-2.87,5.7700000000000005
-0.01797,-0.02424,-0.06508,-0.04847,-0.00542,-0.11,-0.98,0.18,-2.31,-0.7,-3.5,5.78
-0.015880000000000002,-0.02943,-0.06508,-0.05885,0.0,-0.11,-0.99,0.18,-2.38,-0.49,-3.99,5.79
-0.027360000000000002,-0.03356,-0.07729,-0.06712,0.0032600000000000003,-0.1,-0.99,0.18,-2.87,-0.21,-4.34,5.8
-0.02632,-0.03356,-0.08945,-0.06712,0.0054399999999999995,-0.1,-0.99,0.18,-3.57,-0.56,-5.04,5.8100000000000005
-0.01902,-0.02839,-0.07119,-0.05678,-0.00217,-0.09,-0.98,0.18,-3.64,-0.98,-5.46,5.82
-0.014830000000000001,-0.02632,-0.04973,-0.052629999999999996,0.0032600000000000003,-0.1,-0.98,0.18,-3.71,-0.91,-5.81,5.83
-0.01167,-0.02215,-0.028089999999999997,-0.04431,0.0054399999999999995,-0.1,-0.98,0.17,-3.78,-0.98,-6.37,5.84
-0.01167,-0.01587,-0.12555999999999998,-0.03175,0.0054399999999999995,-0.1,-0.99,0.18,-3.64,-0.49,-6.79,5.8500000000000005
-0.00426,-0.02632,-0.04357,-0.052629999999999996,0.00872,-0.1,-1.0,0.18,-4.06,-0.28,-7.56,5.86
-0.01797,-0.02943,-0.04973,-0.05885,0.014209999999999999,-0.1,-1.0,0.18,-4.76,-0.91,-8.33,5.87
-0.01061,-0.02632,-0.04665,-0.052629999999999996,0.017509999999999998,-0.1,-1.0,0.18,-4.97,-1.05,-8.54,5.88
-0.00426,-0.02215,-0.02188,-0.04431,0.019719999999999998,-0.1,-0.99,0.18,-5.95,-0.84,-9.03,5.89
0.00428,-0.01167,-0.02188,-0.02333,0.02304,-0.09,-0.99,0.18,-6.09,-0.42,-9.52,5.9
-0.00532,-0.006379999999999999,-0.0312,-0.012759999999999999,0.019719999999999998,-0.08,-0.99,0.19,-5.95,-0.49,-10.08,5.91
-0.00532,-0.01377,-0.01252,-0.02755,0.026369999999999998,-0.07,-1.0,0.2,-6.3,-1.82,-10.22,5.92
-0.0032,-0.014819999999999998,-0.01565,-0.02965,0.028589999999999997,-0.06,-1.0,0.19,-7.28,-2.94,-10.22,5.93
0.0,0.0,0.00628,0.0,0.02083,-0.05,-1.01,0.19,-7.98,-3.43,-10.29,5.94
0.00107,-0.006379999999999999,-0.0312,-0.012759999999999999,0.02748,-0.03,-1.01,0.2,-8.54,-5.32,-10.5,5.95
-0.00213,-0.01272,0.00943,-0.02544,0.03753,-0.01,-1.0,0.2,-10.36,-8.96,-10.43,5.96
0.0075,-0.00213,0.03476,-0.00426,0.02415,-0.02,-0.98,0.18,-12.18,-12.39,-10.36,5.97
0.01722,0.00535,0.037939999999999995,0.0107,0.03417,-0.04,-0.96,0.16,-11.48,-13.72,-9.73,5.98
0.01614,0.0,0.057120000000000004,0.0,0.03753,-0.06,-0.97,0.13,-9.52,-14.28,-9.45,5.99
0.03365,0.00428,0.0959,0.00855,0.036410000000000005,-0.06,-0.99,0.11,-9.1,-15.54,-9.52,6.0
0.021580000000000002,0.01831,0.06354,0.036610000000000004,0.04541,-0.07,-0.99,0.1,-10.15,-15.68,-9.73,6.01
0.01614,0.0075,0.0959,0.01499,0.04428,-0.09,-0.99,0.08,-10.15,-14.07,-10.71,6.0200000000000005
0.01614,0.00214,0.0959,0.00427,0.05335,-0.1,-0.99,0.08,-8.89,-11.27,-11.97,6.03
0.01831,0.00857,0.09916,0.01714,0.043160000000000004,-0.12,-1.0,0.1,-8.4,-7.91,-14.0,6.04
0.01505,0.0075,0.11223,0.01499,0.04881,-0.14,-1.0,0.24,-9.31,-4.06,-16.59,6.05
0.0075,-0.00532,0.11223,-0.01064,0.06019,-0.14,-0.99,0.14,-10.36,-0.07,-18.06,6.0600000000000005
0.0075,-0.0032,0.14851,-0.00639,0.05562,-0.12,-0.99,0.15,-9.66,3.29,-18.83,6.07
0.01722,0.00428,0.15516,0.00855,0.06019,-0.06,-1.0,0.16,-8.54,3.99,-19.6,6.08
0.02049,0.00965,0.16517,0.0193,0.06477000000000001,-0.02,-1.0,0.17,-9.45,1.96,-21.0,6.09
0.027039999999999998,0.00857,0.20219,0.01714,0.06937,0.0,-0.99,0.17,-11.41,-0.28,-21.84,6.1000000000000005
0.01722,0.0,0.16851,0.0,0.06937,-0.02,-0.98,0.15,-12.53,-1.61,-21.7,6.11
0.02376,0.01181,0.21577,0.02361,0.06592,-0.03,-0.98,0.15,-12.53,-2.59,-21.63,6.12
0.02595,0.00965,0.21918,0.0193,0.07168,-0.06,-0.99,0.16,-12.11,-3.71,-22.4,6.13
0.027039999999999998,0.01073,0.21918,0.02145,0.06822,-0.07,-0.99,0.15,-13.51,-2.94,-23.52,6.140000000000001
0.021580000000000002,0.00214,0.21577,0.00427,0.07168,-0.06,-0.98,0.13,-14.07,-1.54,-23.87,6.15
0.03696,0.0075,0.23628000000000002,0.01499,0.07631,-0.02,-0.99,0.14,-14.35,-2.31,-25.2,6.16
0.03918,0.01073,0.26041,0.02145,0.06822,-0.01,-0.98,0.14,-14.0,-3.08,-25.9,6.17
0.04475,0.00965,0.27082,0.0193,0.06937,0.02,-0.97,0.11,-14.07,-4.62,-25.06,6.18
0.04252,0.01505,0.27778,0.0301,0.07631,0.08,-0.97,0.07,-13.93,-7.28,-23.45,6.19
0.0571,0.02048,0.31284,0.04096,0.07168,0.15,-0.95,0.05,-11.83,-10.64,-21.21,6.2
0.06504,0.027039999999999998,0.3341,0.054079999999999996,0.06592,0.18,-0.97,0.03,-9.31,-14.0,-19.04,6.21
0.0605,0.00965,0.28476,0.0193,0.07979,0.18,-1.0,0.01,-8.96,-14.28,-19.6,6.22
0.0571,0.01939,0.32345,0.03879,0.08095,0.13,-1.0,0.03,-8.4,-15.12,-17.99,6.23
0.055970000000000006,0.0075,0.30932,0.01499,0.07631,0.06,-1.0,0.09,-8.33,-20.86,-16.59,6.24
0.06617999999999999,0.00857,0.31990999999999997,0.01714,0.08445,0.01,-1.0,0.06,-10.64,-23.03,-15.05,6.25
0.06961,0.01722,0.34836,0.03444,0.07515,-0.02,-1.0,0.05,-8.05,-19.11,-15.4,6.26
0.0788,0.02048,0.3627,0.04096,0.08095,-0.05,-0.99,0.11,-7.0,-16.8,-16.31,6.2700000000000005
0.08227000000000001,0.027039999999999998,0.3627,0.054079999999999996,0.07631,-0.03,-1.0,0.12,-6.65,-12.88,-17.92,6.28
0.0765,0.025939999999999998,0.3699,0.051879999999999996,0.07862999999999999,0.0,-1.01,0.12,-8.89,-9.59,-19.74,6.29
0.0788,0.03585,0.41347,0.07169,0.08796,0.05,-1.0,0.1,-10.85,-7.21,-21.14,6.3
0.07996,0.027039999999999998,0.38797,0.054079999999999996,0.07979,0.09,-1.0,0.11,-10.22,-5.74,-22.4,6.3100000000000005
0.07765,0.03143,0.42446999999999996,0.06287000000000001,0.07979,0.11,-0.99,0.13,-9.38,-7.21,-22.33,6.32
0.08459,0.028130000000000002,0.43183,0.05627000000000001,0.08445,0.13,-0.98,0.11,-10.64,-9.87,-21.0,6.33
0.0788,0.03474,0.46518000000000004,0.06948,0.08913,0.13,-0.99,0.09,-11.9,-11.06,-20.86,6.34
0.09041,0.027039999999999998,0.47265,0.054079999999999996,0.08445,0.1,-0.99,0.1,-11.48,-14.77,-21.21,6.3500000000000005
0.08925,0.03253,0.45402,0.06507,0.09265,0.08,-0.98,0.07,-11.34,-16.31,-20.65,6.36
0.09275,0.030330000000000003,0.47265,0.060660000000000006,0.0903,0.08,-0.99,0.01,-11.9,-15.19,-20.16,6.37
0.10334000000000002,0.04697,0.52166,0.09394,0.08913,0.09,-0.99,-0.01,-11.2,-12.39,-20.23,6.38
0.10216,0.04473,0.54457,0.08947000000000001,0.0903,0.11,-0.98,0.03,-9.59,-9.24,-21.14,6.390000000000001
0.10570999999999998,0.03474,0.53691,0.06948,0.09618,0.12,-0.98,0.06,-8.54,-8.61,-21.91,6.4
0.11642999999999999,0.04809,0.57152,0.09618,0.09972,0.12,-0.98,0.07,-8.12,-10.85,-21.28,6.41
0.11882999999999999,0.05708,0.57927,0.11417000000000001,0.09265,0.1,-1.0,0.08,-8.75,-13.3,-20.51,6.42
0.12122999999999999,0.061610000000000005,0.60265,0.12322999999999999,0.09854,0.06,-1.01,0.13,-9.94,-14.28,-21.77,6.43
0.13699,0.06616,0.66192,0.13232,0.10327,0.03,-0.98,0.11,-12.18,-13.09,-22.75,6.44
0.14065999999999998,0.0834,0.70617,0.1668,0.09382,0.07,-0.96,0.04,-12.67,-11.69,-21.77,6.45
0.13821,0.09038,0.71429,0.18076,0.09854,0.14,-0.97,0.02,-10.15,-11.76,-21.77,6.46
0.14927,0.08921,0.7676,0.17843,0.09854,0.14,-1.0,0.07,-7.28,-12.81,-23.31,6.47
0.15795,0.11517999999999999,0.7883600000000001,0.23035999999999998,0.10920999999999999,0.13,-1.02,0.07,-10.22,-14.56,-25.2,6.48
0.15795,0.13083,0.90302,0.26166999999999996,0.10920999999999999,0.09,-1.01,0.04,-15.12,-16.73,-26.53,6.49
0.17427,0.15043,0.9466200000000001,0.30085,0.11517999999999999,0.02,-0.99,0.04,-16.1,-16.52,-28.35,6.5
0.18317,0.17290999999999998,1.09043,0.34581,0.10802,-0.04,-0.97,0.07,-14.07,-11.97,-31.15,6.51
0.20247,0.19201,1.21234,0.38402,0.11279000000000002,-0.03,-0.92,0.06,-13.72,-3.64,-31.57,6.5200000000000005
0.196,0.19201,1.21712,0.38402,0.11517999999999999,0.05,-0.91,0.02,-13.58,3.01,-31.92,6.53
0.187,0.19716,1.30447,0.39432,0.11757999999999999,0.2,-0.91,0.04,-9.24,10.5,-31.64,6.54
0.19085,0.21933000000000002,1.31926,0.43866000000000005,0.11517999999999999,0.32,-0.94,0.13,-3.22,9.94,-30.38,6.55
0.22213000000000002,0.23659000000000002,1.41961,0.47318999999999994,0.11757999999999999,0.36,-1.0,0.19,-3.43,5.32,-30.03,6.5600000000000005
0.20377,0.25140999999999997,1.4969299999999999,0.50283,0.12239000000000001,0.33,-1.05,0.18,-11.13,-4.55,-28.0,6.57
0.2116,0.26781,1.5867799999999999,0.53562,0.12843,0.24,-1.05,0.11,-19.6,-17.15,-25.48,6.58
0.22876,0.29286,1.6681,0.58572,0.12964,0.14,-1.02,0.03,-24.36,-21.14,-26.39,6.59
0.22876,0.31848000000000004,1.82523,0.6369600000000001,0.12722,0.07,-0.94,-0.04,-24.08,-16.31,-27.09,6.6000000000000005
0.21685,0.33150999999999997,1.8425,0.6630199999999999,0.13693,0.09,-0.91,-0.11,-19.04,-6.37,-28.7,6.61
0.22080999999999998,0.35951,1.8948099999999999,0.71901,0.14304,0.18,-0.93,-0.11,-12.04,3.29,-30.24,6.62
0.22743000000000002,0.3715,2.02602,0.743,0.13085,0.27,-0.97,-0.06,-8.26,4.2,-30.17,6.63
0.22876,0.38058000000000003,2.08728,0.76115,0.13693,0.31,-1.0,-0.02,-9.87,0.35,-31.57,6.640000000000001
0.2261,0.39894,2.19386,0.79788,0.13571,0.34,-0.97,-0.05,-11.97,-5.53,-29.82,6.65
0.21816999999999998,0.43178,2.17482,0.86355,0.12843,0.37,-0.95,-0.08,-10.85,-11.62,-25.9,6.66
0.21291,0.43814,2.29052,0.8762700000000001,0.12722,0.34,-0.97,-0.05,-7.56,-13.65,-24.57,6.67
0.19729000000000002,0.43814,2.34312,0.8762700000000001,0.13205999999999998,0.32,-0.97,-0.01,-6.79,-14.14,-23.45,6.68
0.20768000000000003,0.45579,2.43019,0.91159,0.13327999999999998,0.31,-0.95,-0.04,-8.4,-14.42,-23.03,6.69
0.20377,0.45095,2.38976,0.90191,0.13937,0.32,-0.95,-0.07,-8.26,-12.11,-22.26,6.7
0.19988,0.47700000000000004,2.50546,0.9540000000000001,0.13693,0.29,-0.95,-0.05,-4.62,-7.98,-20.58,6.71
0.20506999999999997,0.50362,2.6247599999999998,1.0072299999999998,0.13571,0.28,-0.98,-0.03,-3.15,-6.37,-20.09,6.72
0.21685,0.5273899999999999,2.67496,1.05477,0.13693,0.3,-1.0,-0.02,-5.46,-6.58,-19.53,6.73
0.21816999999999998,0.53598,2.67496,1.07197,0.14426,0.31,-0.99,-0.01,-8.19,-7.91,-18.76,6.74
0.21029,0.5481199999999999,2.7185099999999998,1.09625,0.14795,0.3,-0.97,0.02,-7.14,-8.26,-19.11,6.75
0.22080999999999998,0.5763199999999999,2.8672299999999997,1.1526299999999998,0.14549,0.28,-0.96,0.07,-5.18,-9.31,-18.13,6.76
0.19342,0.5781,2.83704,1.1562,0.14918,0.28,-0.94,0.04,-8.82,-10.78,-16.94,6.7700000000000005
0.19085,0.59607,2.9283,1.19214,0.15041,0.28,-0.91,0.0,-11.13,-10.78,-16.59,6.78
0.21291,0.62535,3.04534,1.2507,0.13815,0.32,-0.91,0.0,-6.44,-10.64,-15.47,6.79
0.20377,0.64775,3.04534,1.29551,0.13693,0.32,-0.96,0.04,-2.1,-12.46,-15.4,6.8
0.20768000000000003,0.6553100000000001,3.10112,1.3106200000000001,0.15783,0.29,-1.01,0.03,-6.23,-17.01,-15.19,6.8100000000000005
0.20768000000000003,0.6686300000000001,3.1739599999999997,1.3372700000000002,0.15783,0.26,-0.98,-0.03,-13.72,-17.85,-15.54,6.82
0.2116,0.6763100000000001,3.2398,1.3526200000000002,0.15164,0.25,-0.94,-0.06,-13.79,-13.79,-16.38,6.83
0.20117000000000002,0.69179,3.28986,1.3835899999999999,0.15783,0.25,-0.93,-0.02,-7.42,-11.41,-17.15,6.84
0.21685,0.70943,3.3066699999999996,1.41886,0.15907000000000002,0.26,-0.95,0.0,-6.44,-10.29,-17.29,6.8500000000000005
0.21029,0.71536,3.4003900000000002,1.43072,0.1628,0.26,-0.94,-0.02,-11.69,-8.82,-17.71,6.86
0.21554,0.74339,3.41765,1.48679,0.15288,0.3,-0.91,-0.05,-12.88,-5.81,-17.08,6.87
0.21422,0.76583,3.46985,1.53166,0.15659,0.32,-0.92,-0.03,-7.84,-3.43,-17.85,6.88
0.21422,0.75151,3.5226900000000003,1.50302,0.16529000000000002,0.34,-0.98,0.03,-4.55,-5.04,-17.36,6.890000000000001
0.20636999999999997,0.77823,3.6122099999999997,1.55645,0.16030999999999998,0.33,-1.01,0.03,-9.24,-10.5,-16.8,6.9
0.22478,0.80125,3.66681,1.60249,0.16654000000000002,0.28,-0.98,0.0,-15.12,-13.09,-17.22,6.91
0.22213000000000002,0.80547,3.6759800000000005,1.61095,0.16654000000000002,0.27,-0.93,-0.04,-13.58,-11.41,-17.08,6.92
0.23945,0.8246600000000001,3.7593400000000003,1.6493099999999998,0.17531,0.3,-0.92,-0.04,-7.91,-9.24,-16.73,6.93
0.23676999999999998,0.83759,3.7406800000000002,1.67518,0.15907000000000002,0.33,-0.93,-0.04,-7.56,-7.63,-17.43,6.94
0.23543000000000003,0.8462799999999999,3.7968900000000003,1.6925599999999998,0.15907000000000002,0.37,-0.9,-0.07,-11.55,-7.07,-17.57,6.95
0.25025,0.86603,3.7593400000000003,1.73207,0.16155,0.39,-0.9,-0.08,-10.43,-6.09,-16.24,6.96
0.23811,0.8638299999999999,3.8347599999999997,1.72765,0.16404000000000002,0.39,-0.94,-0.06,-5.95,-5.81,-14.7,6.97
0.23409000000000002,0.87046,3.8633800000000003,1.74092,0.16904,0.37,-0.98,-0.05,-6.86,-6.02,-14.21,6.98
0.25025,0.8860600000000001,3.9600800000000005,1.77213,0.16904,0.35,-0.99,-0.04,-10.08,-6.65,-14.35,6.99
0.27633,0.9200799999999999,3.9895,1.84017,0.16030999999999998,0.34,-0.96,-0.05,-11.2,-6.79,-13.93,7.0
0.25161,0.93624,3.9895,1.87248,0.16904,0.33,-0.95,-0.06,-11.2,-6.51,-14.14,7.01
0.27771999999999997,0.92699,3.9796699999999996,1.8539700000000001,0.16654000000000002,0.33,-0.93,-0.08,-10.5,-5.18,-14.35,7.0200000000000005
0.29031,0.95258,4.03895,1.90515,0.17782,0.36,-0.89,-0.1,-10.22,-4.41,-14.14,7.03
0.27910999999999997,0.96672,4.119190000000001,1.93345,0.17154,0.4,-0.89,-0.11,-7.7,-4.41,-12.53,7.04
0.27910999999999997,0.96672,4.0789,1.93345,0.16777999999999998,0.41,-0.93,-0.09,-5.67,-4.48,-12.11,7.05
0.27216999999999997,1.01001,4.14964,2.0200099999999996,0.17029,0.4,-0.95,-0.07,-6.58,-5.32,-11.97,7.0600000000000005
0.25706,1.00757,4.099,2.01514,0.16654000000000002,0.37,-0.96,-0.05,-8.4,-6.3,-11.27,7.07
0.25706,1.0198,4.17005,2.0396,0.18035,0.34,-0.94,-0.07,-10.01,-5.46,-10.29,7.08
0.25979,1.01001,4.1090800000000005,2.0200099999999996,0.18035,0.33,-0.92,-0.08,-9.8,-3.78,-11.06,7.09
0.27216999999999997,1.01734,4.15984,2.0346900000000003,0.17782,0.35,-0.91,-0.08,-6.65,-1.26,-11.06,7.1000000000000005
0.27771999999999997,1.04706,4.44377,2.09412,0.17531,0.4,-0.93,-0.07,-5.04,-2.38,-10.92,7.11
0.27216999999999997,1.04456,4.283930000000001,2.08912,0.17154,0.41,-0.93,-0.07,-7.07,-4.9,-10.43,7.12
0.27633,1.04456,4.27347,2.08912,0.17782,0.37,-0.93,-0.09,-9.1,-5.04,-10.43,7.13
0.27355999999999997,1.0799299999999998,4.283930000000001,2.15985,0.17908,0.34,-0.93,-0.1,-8.47,-4.27,-10.29,7.140000000000001
0.27355999999999997,1.0672,4.27347,2.1344,0.17908,0.33,-0.92,-0.1,-6.79,-3.78,-10.36,7.15
0.30446,1.10051,4.31548,2.20102,0.16777999999999998,0.36,-0.89,-0.12,-6.79,-2.59,-10.71,7.16
0.29170999999999997,1.09276,4.368519999999999,2.18552,0.17782,0.41,-0.88,-0.12,-5.95,-2.66,-10.43,7.17
0.30588000000000004,1.10051,4.30494,2.20102,0.17531,0.45,-0.89,-0.08,-2.73,-4.76,-9.45,7.18
0.30446,1.1083,4.27347,2.2166,0.17782,0.43,-0.93,-0.08,-2.1,-7.07,-7.77,7.19
0.30730999999999997,1.08761,4.283930000000001,2.17523,0.17405,0.39,-0.95,-0.09,-5.25,-7.49,-7.14,7.2
0.32602,1.09534,4.30494,2.19068,0.1628,0.36,-0.94,-0.13,-6.37,-4.62,-7.63,7.21
0.31734,1.11352,4.32604,2.22703,0.16904,0.38,-0.93,-0.13,-3.08,-2.03,-7.7,7.22
0.30303,1.1031,4.27347,2.20621,0.16654000000000002,0.41,-0.93,-0.09,-1.12,-2.87,-7.84,7.23
0.31017,1.11875,4.32604,2.2375,0.17531,0.41,-0.93,-0.08,-3.22,-2.94,-7.42,7.24
0.31446999999999997,1.11091,4.30494,2.22181,0.15659,0.41,-0.91,-0.11,-5.32,-0.98,-6.93,7.25
0.3159,1.1161299999999998,4.29443,2.2322599999999997,0.16404000000000002,0.42,-0.9,-0.1,-2.73,0.49,-6.65,7.26
0.32747,1.1161299999999998,4.40062,2.2322599999999997,0.16654000000000002,0.43,-0.92,-0.06,0.77,-0.07,-6.02,7.2700000000000005
0.33621999999999996,1.1161299999999998,4.23183,2.2322599999999997,0.16654000000000002,0.41,-0.95,-0.04,-0.77,-2.24,-5.25,7.28
0.31734,1.13721,4.23183,2.27442,0.16777999999999998,0.39,-0.95,-0.06,-4.9,-3.29,-5.11,7.29
0.34947,1.15321,4.40062,2.30641,0.16654000000000002,0.39,-0.92,-0.08,-5.18,-2.59,-4.9,7.3
0.34799,1.13721,4.26302,2.27442,0.16777999999999998,0.39,-0.89,-0.07,-3.01,-0.98,-4.97,7.3100000000000005
0.34209,1.1558899999999999,4.26302,2.31177,0.17029,0.39,-0.9,-0.07,-2.8,-0.98,-4.9,7.32
0.35244000000000003,1.14252,4.283930000000001,2.28504,0.17029,0.39,-0.89,-0.09,-4.76,-0.56,-4.55,7.33
0.35095,1.15321,4.32604,2.30641,0.16654000000000002,0.41,-0.89,-0.1,-4.13,0.0,-3.99,7.34
0.34799,1.1505299999999998,4.27347,2.30105,0.16404000000000002,0.42,-0.91,-0.09,-1.61,0.07,-3.64,7.3500000000000005
0.3569,1.17751,4.33662,2.35502,0.16777999999999998,0.42,-0.93,-0.08,-2.17,-0.98,-3.64,7.36
0.37493000000000004,1.17479,4.368519999999999,2.34959,0.16404000000000002,0.4,-0.95,-0.07,-3.92,-1.54,-3.99,7.37
0.33915,1.13456,4.283930000000001,2.26912,0.17405,0.36,-0.94,-0.07,-4.83,-0.21,-4.41,7.38
0.35541,1.1505299999999998,4.368519999999999,2.30105,0.18161,0.36,-0.91,-0.09,-4.69,0.84,-4.9,7.390000000000001
0.3871,1.17751,4.43295,2.35502,0.17154,0.38,-0.9,-0.09,-2.94,0.77,-5.53,7.4
0.34504,1.18844,4.42215,2.3768700000000003,0.17029,0.4,-0.91,-0.07,-1.96,-0.07,-5.18,7.41
0.34799,1.18297,4.40062,2.36593,0.16654000000000002,0.41,-0.91,-0.08,-3.43,-1.26,-5.25,7.42
0.3994,1.19668,4.454619999999999,2.39336,0.17782,0.41,-0.9,-0.09,-4.34,-2.31,-5.25,7.43
0.40715,1.19118,4.3899,2.38236,0.17405,0.39,-0.89,-0.09,-2.87,-2.31,-5.53,7.44
0.42596999999999996,1.18844,4.368519999999999,2.3768700000000003,0.17279,0.39,-0.9,-0.1,-2.1,-2.31,-5.53,7.45
0.41339,1.19393,4.32604,2.38786,0.17405,0.4,-0.93,-0.1,-2.24,-2.24,-6.09,7.46
0.41339,1.17208,4.347230000000001,2.34416,0.17782,0.4,-0.94,-0.09,-2.87,-3.57,-6.09,7.47
0.42439,1.19668,4.42215,2.39336,0.17279,0.38,-0.94,-0.08,-3.43,-4.55,-6.72,7.48
0.40715,1.17479,4.44377,2.34959,0.17782,0.37,-0.9,-0.08,-4.27,-4.2,-7.21,7.49
0.41967,1.21888,4.49826,2.43775,0.17029,0.4,-0.87,-0.11,-4.27,-3.29,-7.28,7.5
0.41967,1.21052,4.40062,2.42103,0.17782,0.43,-0.88,-0.12,0.21,-3.29,-7.28,7.51
0.42596999999999996,1.20497,4.40062,2.40994,0.17405,0.45,-0.92,-0.1,2.66,-3.43,-7.14,7.5200000000000005
0.41496000000000005,1.18844,4.368519999999999,2.3768700000000003,0.16654000000000002,0.46,-0.94,-0.08,1.05,-6.79,-7.07,7.53
0.41652,1.19118,4.3899,2.38236,0.16155,0.47,-0.93,-0.1,-2.1,-9.87,-7.07,7.54
0.42596999999999996,1.18844,4.31548,2.3768700000000003,0.17029,0.45,-0.91,-0.11,-1.19,-10.08,-6.58,7.55
0.45315,1.2022,4.37919,2.4044,0.15041,0.43,-0.9,-0.11,0.42,-9.87,-6.37,7.5600000000000005
0.4339,1.18024,4.2422,2.3604700000000003,0.16404000000000002,0.42,-0.91,-0.12,-0.07,-9.31,-6.58,7.57
0.45638,1.19393,4.32604,2.38786,0.16529000000000002,0.41,-0.92,-0.11,-2.31,-6.58,-6.72,7.58
0.45153000000000004,1.16937,4.283930000000001,2.33874,0.1628,0.38,-0.9,-0.1,-3.85,-3.22,-7.28,7.59
0.44348999999999994,1.18297,4.14964,2.36593,0.15411,0.38,-0.87,-0.09,-5.6,-2.94,-6.79,7.6000000000000005
0.46452,1.18024,4.23183,2.3604700000000003,0.15783,0.37,-0.87,-0.1,-4.62,-2.38,-6.58,7.61
0.45315,1.19944,4.23183,2.39888,0.15411,0.37,-0.88,-0.09,-1.26,0.98,-6.3,7.62
0.45801000000000003,1.18844,4.27347,2.3768700000000003,0.15783,0.4,-0.87,-0.08,0.7,1.26,-5.74,7.63
0.45963000000000004,1.18844,4.2422,2.3768700000000003,0.15783,0.45,-0.89,-0.09,0.84,-2.03,-3.78,7.640000000000001
0.46452,1.17208,4.26302,2.34416,0.1628,0.48,-0.92,-0.11,0.28,-2.66,-3.36,7.65
0.45153000000000004,1.19118,4.32604,2.38236,0.15783,0.49,-0.93,-0.09,-0.21,-1.26,-3.29,7.66
0.44992,1.18844,4.18029,2.3768700000000003,0.15535,0.49,-0.91,-0.06,-1.68,-1.47,-2.87,7.67
0.43709,1.16937,4.2422,2.33874,0.15288,0.46,-0.89,-0.06,-4.83,-2.45,-1.82,7.68
0.44831000000000004,1.19118,4.29443,2.38236,0.14918,0.44,-0.86,-0.09,-6.16,-1.61,-0.91,7.69
0.42281,1.16937,4.15984,2.33874,0.14672000000000002,0.48,-0.88,-0.11,-4.55,0.28,-0.35,7.7
0.43868,1.17208,4.15984,2.34416,0.14672000000000002,0.49,-0.89,-0.08,-2.03,0.91,0.35,7.71
0.43709,1.15321,4.119190000000001,2.30641,0.14918,0.5,-0.9,-0.08,-3.5,-0.98,2.1,7.72
0.44509,1.13721,4.06888,2.27442,0.14795,0.52,-0.9,-0.13,-4.69,-3.29,3.78,7.73
0.42123999999999995,1.1505299999999998,4.03895,2.30105,0.14672000000000002,0.51,-0.91,-0.16,-3.43,-0.49,4.69,7.74
0.43868,1.124,3.99935,2.248,0.14795,0.48,-0.92,-0.14,-1.89,2.94,5.18,7.75
0.40249,1.12663,3.92115,2.25327,0.14672000000000002,0.46,-0.91,-0.14,-3.78,3.78,5.46,7.76
0.41652,1.11875,3.92115,2.2375,0.14795,0.45,-0.9,-0.17,-4.34,4.69,6.02,7.7700000000000005
0.42281,1.11352,3.93086,2.22703,0.13693,0.45,-0.89,-0.19,-1.82,7.63,6.58,7.78
0.41808999999999996,1.14519,3.9503199999999996,2.2903700000000002,0.13085,0.47,-0.89,-0.19,1.75,10.22,6.51,7.79
0.42596999999999996,1.1558899999999999,4.03895,2.31177,0.14181,0.49,-0.9,-0.16,2.73,10.08,7.35,7.8
0.42281,1.12137,3.9600800000000005,2.24275,0.14795,0.5,-0.9,-0.15,2.8,7.21,9.52,7.8100000000000005
0.41652,1.14519,3.9895,2.2903700000000002,0.13815,0.49,-0.91,-0.17,3.01,5.74,10.71,7.82
0.39785,1.13986,4.0191099999999995,2.27973,0.13571,0.48,-0.9,-0.18,3.71,5.74,11.34,7.83
0.40249,1.17208,4.0489,2.34416,0.13815,0.48,-0.89,-0.19,5.04,5.95,12.25,7.84
0.3871,1.16937,4.02902,2.33874,0.13937,0.49,-0.9,-0.19,7.42,6.44,13.65,7.8500000000000005
0.3719,1.16937,4.0789,2.33874,0.12600999999999998,0.49,-0.9,-0.16,9.1,6.79,14.49,7.86
0.36288000000000004,1.13986,4.00922,2.27973,0.13937,0.48,-0.9,-0.13,9.03,6.93,15.54,7.87
0.35391999999999996,1.16396,4.1090800000000005,2.32792,0.13327999999999998,0.46,-0.9,-0.12,8.89,7.14,16.66,7.88
0.35541,1.18297,4.18029,2.36593,0.12964,0.45,-0.91,-0.12,9.8,7.56,17.57,7.890000000000001
0.33038,1.16937,4.221480000000001,2.33874,0.11878,0.45,-0.91,-0.11,11.2,7.14,18.62,7.9
0.30588000000000004,1.14785,4.23183,2.2957099999999997,0.12722,0.45,-0.89,-0.09,11.62,6.86,19.6,7.91
0.31734,1.14519,4.21115,2.2903700000000002,0.13085,0.45,-0.89,-0.1,11.62,5.6,20.93,7.92
0.29312,1.13986,4.23183,2.27973,0.13327999999999998,0.45,-0.91,-0.11,11.76,5.6,21.49,7.930000000000001
0.2847,1.1505299999999998,4.23183,2.30105,0.13327999999999998,0.45,-0.91,-0.1,12.11,6.02,22.4,7.94
0.27633,1.13721,4.21115,2.27442,0.1248,0.42,-0.91,-0.08,12.88,6.44,23.31,7.95
0.29170999999999997,1.124,4.18029,2.248,0.14304,0.41,-0.91,-0.08,12.74,7.84,24.08,7.96
0.2875,1.12927,4.12932,2.25854,0.13693,0.41,-0.92,-0.08,13.16,8.68,24.5,7.97
0.30730999999999997,1.1031,4.1090800000000005,2.20621,0.13327999999999998,0.39,-0.92,-0.05,13.72,9.45,25.2,7.98
0.29736,1.09018,4.099,2.18037,0.13327999999999998,0.38,-0.9,-0.04,12.46,9.94,26.11,7.99
0.29453,1.12137,4.139469999999999,2.24275,0.12119,0.38,-0.91,-0.07,11.2,8.96,26.67,8.0
0.2833,1.08761,4.119190000000001,2.17523,0.12964,0.38,-0.92,-0.07,12.53,9.66,27.37,8.01
0.2889,1.06974,4.06888,2.13948,0.13085,0.37,-0.92,-0.05,12.88,10.57,27.86,8.02
0.26941,1.0672,4.0789,2.1344,0.12843,0.37,-0.92,-0.06,12.18,10.92,28.21,8.03
0.27079000000000003,1.03213,4.03895,2.06426,0.1248,0.38,-0.93,-0.06,12.18,11.41,28.42,8.040000000000001
0.27355999999999997,1.00757,3.9503199999999996,2.01514,0.12359,0.37,-0.94,-0.04,12.46,12.32,28.56,8.05
0.2833,0.96672,3.96987,1.93345,0.12600999999999998,0.35,-0.93,-0.03,12.18,13.23,28.91,8.06
0.2819,0.9691,3.8347599999999997,1.93819,0.13327999999999998,0.35,-0.93,-0.03,11.76,13.72,29.47,8.07
0.2489,0.92468,3.87296,1.84936,0.12843,0.34,-0.93,-0.04,11.83,14.28,29.54,8.08
0.23811,0.92929,3.92115,1.8585900000000002,0.1248,0.34,-0.92,-0.03,12.46,15.19,30.45,8.09
0.23543000000000003,0.90865,3.7406800000000002,1.8173099999999998,0.12843,0.35,-0.92,-0.04,13.65,14.35,31.57,8.1
0.22478,0.86162,3.6943699999999997,1.72324,0.12119,0.36,-0.94,-0.05,14.14,12.88,31.92,8.11
0.21816999999999998,0.84193,3.56722,1.68386,0.1248,0.35,-0.95,-0.04,13.79,11.9,31.99,8.120000000000001
0.21554,0.81397,3.57619,1.6279299999999999,0.12359,0.33,-0.95,-0.02,13.65,11.06,32.48,8.13
0.20636999999999997,0.79914,3.4611099999999997,1.59828,0.12600999999999998,0.32,-0.95,-0.03,12.11,10.29,32.27,8.14
0.21554,0.7720199999999999,3.3831900000000004,1.54403,0.12119,0.3,-0.94,-0.04,11.48,10.01,31.71,8.15
0.18572,0.73533,3.19853,1.47065,0.12239000000000001,0.28,-0.94,-0.03,12.81,10.99,31.78,8.16
0.20636999999999997,0.71141,3.22324,1.4228100000000001,0.13815,0.28,-0.95,-0.02,14.56,10.64,31.85,8.17
0.21291,0.6937399999999999,3.14954,1.3874799999999998,0.12722,0.28,-0.97,-0.01,15.19,9.1,31.71,8.18
0.20636999999999997,0.71536,3.0612,1.43072,0.11878,0.28,-0.97,0.0,14.14,7.7,30.87,8.19
0.196,0.68016,2.9360000000000004,1.36032,0.11517999999999999,0.26,-0.95,-0.01,12.6,6.51,30.73,8.2
0.19471,0.64399,2.91295,1.28799,0.11757999999999999,0.24,-0.94,-0.02,12.88,5.74,30.8,8.21
0.196,0.6198100000000001,2.81455,1.2396200000000002,0.12843,0.24,-0.93,-0.01,14.91,5.74,31.36,8.22
0.20506999999999997,0.6088,2.76993,1.21759,0.11878,0.23,-0.94,-0.01,16.73,6.58,31.43,8.23
0.18828,0.59426,2.67496,1.18852,0.12359,0.24,-0.96,0.0,17.99,6.93,31.08,8.24
0.20117000000000002,0.55862,2.56114,1.11724,0.11757999999999999,0.25,-0.97,0.02,17.64,6.58,30.31,8.25
0.19858,0.54291,2.50546,1.08581,0.11757999999999999,0.24,-0.97,0.03,16.03,5.53,30.45,8.26
0.20117000000000002,0.5171399999999999,2.45739,1.03429,0.11878,0.24,-0.96,0.03,14.98,4.55,30.24,8.27
0.21554,0.5053,2.34975,1.0106,0.1248,0.23,-0.98,0.02,15.33,4.9,30.1,8.28
0.20117000000000002,0.46391000000000004,2.21939,0.9278200000000001,0.13327999999999998,0.26,-1.03,0.04,17.64,6.23,30.24,8.290000000000001
0.20377,0.45579,2.1875,0.91159,0.12843,0.29,-1.1,0.09,18.48,7.84,29.4,8.3
0.20247,0.43973,2.08111,0.87946,0.11997999999999999,0.28,-1.07,0.16,12.46,6.44,27.3,8.31
0.20377,0.42388000000000003,2.04429,0.84775,0.11517999999999999,0.23,-0.96,0.15,2.87,2.66,26.81,8.32
0.22080999999999998,0.40048,1.9657799999999999,0.80097,0.12239000000000001,0.18,-0.88,0.08,0.49,-0.42,28.63,8.33
0.20898000000000003,0.38666999999999996,1.93012,0.7733300000000001,0.11757999999999999,0.17,-0.85,0.03,4.55,0.14,30.52,8.34
0.20636999999999997,0.38058000000000003,1.8425,0.76115,0.12119,0.18,-0.88,0.04,10.15,2.31,31.36,8.35
0.19471,0.35653,1.80235,0.71305,0.11997999999999999,0.19,-0.94,0.05,12.67,3.78,30.66,8.36
0.20117000000000002,0.33442,1.74577,0.66885,0.11638,0.17,-0.99,0.07,10.78,8.12,28.56,8.370000000000001
0.19729000000000002,0.32136,1.62449,0.64273,0.11878,0.16,-0.97,0.05,8.4,11.27,27.79,8.38
0.18828,0.28865,1.57075,0.57729,0.12359,0.15,-0.97,0.03,7.98,12.81,28.28,8.39
0.196,0.27195,1.4917200000000002,0.54389,0.11638,0.14,-0.96,0.04,7.91,14.56,28.98,8.4
0.19858,0.28026999999999996,1.47096,0.56053,0.10802,0.15,-0.96,0.04,9.52,16.17,29.05,8.41
0.19858,0.26643,1.3891799999999999,0.53287,0.11279000000000002,0.16,-0.98,0.05,10.57,17.15,28.28,8.42
0.19729000000000002,0.24465,1.3540299999999998,0.4893,0.10683,0.16,-0.97,0.05,10.01,17.22,28.42,8.43
0.196,0.23392,1.28485,0.46784,0.10802,0.16,-0.97,0.03,8.82,16.31,28.84,8.44
0.19342,0.22726,1.22671,0.45453000000000005,0.10683,0.17,-0.97,0.01,9.1,13.93,29.82,8.45
0.19729000000000002,0.22196999999999997,1.16018,0.44393999999999995,0.09854,0.17,-0.98,0.02,11.06,11.76,29.68,8.46
0.187,0.18688,1.1088799999999999,0.37376,0.10209,0.17,-0.99,0.04,11.97,10.01,28.98,8.47
0.18189,0.18688,1.07208,0.37376,0.10683,0.14,-0.99,0.04,11.27,8.82,28.07,8.48
0.21422,0.18305,1.05839,0.36611,0.09854,0.12,-1.0,0.04,10.29,8.05,27.72,8.49
0.18444000000000002,0.15166,0.90736,0.30332,0.10802,0.1,-0.97,0.04,9.8,6.93,27.72,8.5
0.18062,0.15787,0.91604,0.31573,0.09854,0.11,-0.96,0.04,11.62,5.39,28.98,8.51
0.17681,0.15538,0.8987,0.31076,0.09854,0.13,-0.97,0.04,14.07,2.87,30.38,8.52
0.17808,0.14549,0.86005,0.29099,0.09854,0.15,-0.99,0.08,14.77,0.42,30.73,8.53
0.1642,0.13205,0.7883600000000001,0.2641,0.09382,0.14,-1.0,0.09,13.3,-1.47,29.33,8.540000000000001
0.16546,0.13205,0.7841899999999999,0.2641,0.09972,0.12,-0.99,0.09,12.32,-2.31,29.05,8.55
0.16045,0.1272,0.7925300000000001,0.2544,0.07979,0.1,-0.98,0.09,12.32,-3.5,29.4,8.56
0.1642,0.13326,0.7593300000000001,0.26653000000000004,0.09147000000000001,0.08,-0.98,0.11,13.23,-4.62,30.52,8.57
0.15547,0.11877,0.69807,0.23754,0.09147000000000001,0.06,-0.99,0.13,12.81,-4.97,30.24,8.58
0.1468,0.10685,0.66192,0.21369000000000002,0.08913,0.05,-1.0,0.12,11.13,-3.92,28.91,8.59
0.16923,0.11757000000000001,0.69404,0.23515,0.08212,0.04,-0.99,0.13,10.01,-2.8,28.21,8.6
0.14557,0.10094,0.63807,0.20187,0.08678999999999999,0.03,-0.97,0.14,10.15,-2.03,27.44,8.61
0.14065999999999998,0.10212,0.58704,0.20423,0.08678999999999999,0.02,-0.97,0.12,10.78,-2.31,26.88,8.620000000000001
0.13455,0.09858,0.5638,0.19716,0.08796,0.03,-0.98,0.11,11.76,-3.5,26.53,8.63
0.12605,0.08921,0.56766,0.17843,0.08562,0.05,-0.99,0.1,11.62,-6.58,26.53,8.64
0.12605,0.08572,0.55224,0.17144,0.07862999999999999,0.06,-0.99,0.09,11.27,-10.22,27.16,8.65
0.12725999999999998,0.08456,0.54073,0.16912,0.08095,0.05,-0.99,0.09,10.36,-11.9,26.32,8.66
0.11882999999999999,0.06844,0.49893000000000004,0.13689,0.08796,0.02,-0.97,0.12,10.22,-9.8,26.18,8.67
0.11882999999999999,0.07647000000000001,0.51786,0.15294000000000002,0.07631,-0.01,-0.97,0.13,10.99,-7.7,26.39,8.68
0.10689000000000001,0.058210000000000005,0.48763999999999996,0.11642999999999999,0.08678999999999999,-0.04,-0.97,0.14,10.78,-4.13,24.92,8.69
0.12364000000000001,0.07762000000000001,0.46518000000000004,0.15524000000000002,0.07282999999999999,-0.06,-0.98,0.16,10.15,0.91,22.89,8.700000000000001
0.11404,0.06616,0.46891000000000005,0.13232,0.07631,-0.05,-1.0,0.17,9.94,2.03,21.21,8.71
0.10689000000000001,0.061610000000000005,0.46518000000000004,0.12322999999999999,0.07631,-0.04,-1.01,0.14,8.96,1.05,19.11,8.72
0.10452,0.05935,0.45402,0.11869,0.07282999999999999,-0.04,-1.02,0.12,7.14,0.56,18.34,8.73
0.0998,0.05483,0.45031000000000004,0.10966,0.07053,-0.04,-1.0,0.1,6.23,-0.77,17.29,8.74
0.10808,0.0537,0.42815,0.1074,0.07862999999999999,-0.06,-0.99,0.09,7.28,1.61,16.94,8.75
0.09275,0.0537,0.40981999999999996,0.1074,0.07631,-0.05,-1.0,0.1,8.05,4.55,16.03,8.76
0.0951,0.04585,0.41347,0.0917,0.06707,-0.02,-1.0,0.13,7.77,4.97,15.19,8.77
0.08807999999999999,0.04809,0.38435,0.09618,0.07053,0.0,-1.0,0.14,6.79,4.83,15.47,8.78
0.08925,0.041389999999999996,0.35552,0.08279,0.07168,0.02,-1.0,0.13,5.74,5.32,14.84,8.790000000000001
0.08342999999999999,0.03474,0.35911,0.06948,0.061329999999999996,0.03,-0.98,0.13,5.95,5.32,14.63,8.8
0.0788,0.041389999999999996,0.39887,0.08279,0.06362000000000001,0.03,-0.98,0.12,7.21,4.06,15.96,8.81
0.08459,0.03253,0.3341,0.06507,0.061329999999999996,0.04,-0.98,0.11,8.68,2.17,16.52,8.82
0.08227000000000001,0.03474,0.34121999999999997,0.06948,0.059039999999999995,0.02,-1.0,0.1,8.4,0.35,16.8,8.83
0.0742,0.025939999999999998,0.327,0.051879999999999996,0.056760000000000005,-0.01,-1.0,0.08,7.91,-0.21,16.73,8.84
0.06961,0.03253,0.32345,0.06507,0.056760000000000005,-0.02,-1.0,0.07,8.4,0.49,17.22,8.85
0.0742,0.025939999999999998,0.33055,0.051879999999999996,0.056760000000000005,-0.02,-1.0,0.06,9.87,1.47,17.78,8.86
0.0605,0.02485,0.28476,0.0497,0.061329999999999996,-0.01,-1.01,0.08,10.85,2.87,17.08,8.870000000000001
0.06163,0.029230000000000003,0.30228,0.05847,0.054479999999999994,0.0,-1.0,0.1,10.29,4.62,16.17,8.88
0.05823,0.02266,0.26734,0.04532,0.062479999999999994,0.01,-0.99,0.11,10.22,5.11,16.17,8.89
0.07305,0.03585,0.29175,0.07169,0.054479999999999994,0.01,-0.99,0.11,10.78,3.43,16.1,8.9
0.06617999999999999,0.03474,0.26041,0.06948,0.05335,0.0,-0.98,0.13,11.34,2.1,17.36,8.91
0.0605,0.02485,0.2535,0.0497,0.043160000000000004,-0.01,-0.98,0.15,11.76,0.07,18.69,8.92
0.05484,0.027039999999999998,0.21577,0.054079999999999996,0.05221,-0.01,-0.99,0.15,11.41,-2.24,18.9,8.93
0.06277,0.03143,0.22943000000000002,0.06287000000000001,0.04767,-0.02,-0.99,0.16,10.85,-3.57,18.34,8.94
0.05147,0.03143,0.23285999999999998,0.06287000000000001,0.04767,-0.03,-0.98,0.18,10.29,-4.76,17.78,8.950000000000001
0.0571,0.028130000000000002,0.21577,0.05627000000000001,0.05335,-0.05,-0.98,0.18,9.87,-6.86,17.92,8.96
0.05259,0.03695,0.1988,0.07391,0.04428,-0.07,-0.98,0.17,9.59,-9.17,18.34,8.97
0.050339999999999996,0.03474,0.17521,0.06948,0.05221,-0.09,-0.99,0.17,9.73,-9.31,17.71,8.98
0.06277,0.025939999999999998,0.21918,0.051879999999999996,0.04654,-0.11,-0.99,0.17,9.52,-9.1,17.36,8.99
0.04475,0.00428,0.1853,0.00855,0.043160000000000004,-0.12,-0.99,0.17,8.96,-8.89,16.8,9.0
0.0481,0.01831,0.16517,0.036610000000000004,0.03417,-0.14,-0.99,0.17,8.19,-6.51,15.75,9.01
0.04922,0.02266,0.16517,0.04532,0.0409,-0.16,-0.98,0.18,7.77,-1.75,14.49,9.02
0.04475,0.02375,0.15849000000000002,0.047510000000000004,0.04541,-0.17,-0.96,0.18,8.12,3.22,13.3,9.03
0.045860000000000005,0.01939,0.14188,0.03879,0.04881,-0.18,-0.95,0.2,8.82,7.63,12.18,9.040000000000001
0.0481,0.01289,0.13526,0.025769999999999998,0.04428,-0.18,-0.95,0.2,10.36,13.93,10.36,9.05
0.053720000000000004,0.01722,0.16851,0.03444,0.04428,-0.14,-0.99,0.2,11.9,16.73,8.4,9.06
0.04475,0.02266,0.14188,0.04532,0.03978,-0.07,-1.04,0.2,10.78,13.09,7.7,9.07
0.03918,0.01181,0.13857,0.02361,0.036410000000000005,-0.04,-1.06,0.19,6.16,6.51,6.65,9.08
0.0481,0.02048,0.15184,0.04096,0.043160000000000004,-0.05,-1.04,0.17,2.17,1.75,5.81,9.09
0.031439999999999996,0.01073,0.11879,0.02145,0.03866,-0.09,-1.0,0.15,1.4,2.24,5.46,9.1
0.03475,0.016130000000000002,0.11223,0.03227,0.03417,-0.11,-0.98,0.15,1.96,3.64,5.04,9.11
0.03254,0.00428,0.047510000000000004,0.00855,0.03082,-0.13,-0.97,0.19,2.73,3.64,4.48,9.120000000000001
0.03254,0.00321,0.0894,0.006409999999999999,0.031939999999999996,-0.13,-0.97,0.2,3.36,3.64,4.48,9.13
0.02924,0.00214,0.10242000000000001,0.00427,0.031939999999999996,-0.11,-0.97,0.21,3.71,3.85,4.55,9.14
0.02595,0.0075,0.08615,0.01499,0.026369999999999998,-0.09,-0.98,0.2,3.71,3.57,4.27,9.15
0.01722,-0.0032,0.07321,-0.00639,0.03082,-0.07,-0.99,0.2,3.43,3.01,4.2,9.16
0.027039999999999998,-0.00532,0.09265,-0.01064,0.025259999999999998,-0.07,-0.99,0.21,2.87,1.61,3.99,9.17
0.02924,-0.0032,0.057120000000000004,-0.00639,0.026369999999999998,-0.07,-0.99,0.21,2.03,-0.91,3.85,9.18
0.01505,-0.009559999999999999,0.050710000000000005,-0.01911,0.029710000000000004,-0.08,-0.99,0.19,1.75,-2.52,3.85,9.19
0.01831,-0.00744,0.06998,-0.01488,0.01641,-0.09,-1.0,0.17,1.05,-3.71,3.99,9.200000000000001
0.0194,-0.009559999999999999,0.060329999999999995,-0.01911,0.014209999999999999,-0.09,-1.0,0.16,0.14,-4.76,3.92,9.21
0.02595,-0.0085,0.060329999999999995,-0.017,0.025259999999999998,-0.11,-0.99,0.16,-0.49,-4.83,3.36,9.22
0.01614,-0.0085,0.057120000000000004,-0.017,0.026369999999999998,-0.12,-0.99,0.16,-0.98,-3.78,2.8,9.23
0.02595,-0.01167,0.03476,-0.02333,0.01641,-0.12,-0.98,0.16,-0.35,-2.38,1.61,9.24
0.0194,-0.00426,0.04432,-0.00852,0.02083,-0.12,-0.98,0.16,1.4,-1.05,1.33,9.25
0.0075,-0.020059999999999998,0.01258,-0.04013,0.02193,-0.11,-0.99,0.17,1.05,-0.35,0.98,9.26
0.01289,-0.02528,0.00314,-0.05055,0.01641,-0.1,-0.98,0.17,0.14,1.05,0.35,9.27
0.02595,-0.009559999999999999,0.031580000000000004,-0.01911,0.02193,-0.09,-0.98,0.18,0.14,1.4,0.14,9.28
0.01614,-0.00744,0.04432,-0.01488,0.02304,-0.08,-0.98,0.19,0.63,-0.07,0.63,9.290000000000001
0.01073,-0.01797,0.02206,-0.03594,0.014209999999999999,-0.08,-0.98,0.18,0.35,-1.33,0.91,9.3
0.01181,-0.01377,0.031580000000000004,-0.02755,0.01641,-0.08,-0.99,0.18,0.0,-1.4,0.84,9.31
0.00857,-0.01272,0.00628,-0.02544,0.019719999999999998,-0.09,-0.98,0.18,-0.07,-1.26,-0.28,9.32
0.00857,-0.01587,0.0189,-0.03175,0.02304,-0.1,-0.97,0.18,1.05,-1.96,0.7,9.33
0.00857,-0.014819999999999998,0.0189,-0.02965,0.015309999999999999,-0.09,-0.99,0.18,1.05,-3.43,0.84,9.34
0.00535,-0.016919999999999998,0.01258,-0.03385,0.015309999999999999,-0.08,-1.0,0.18,0.56,-4.27,1.19,9.35
0.00857,-0.01587,0.00628,-0.03175,0.015309999999999999,-0.07,-1.0,0.17,-0.14,-4.9,0.91,9.36
0.01614,-0.01167,0.01574,-0.02333,0.014209999999999999,-0.08,-0.99,0.17,-0.7,-4.83,0.63,9.370000000000001
0.00642,-0.02111,-0.00314,-0.04222,0.017509999999999998,-0.09,-0.98,0.17,-0.42,-3.99,0.7,9.38
0.01505,-0.00744,0.031580000000000004,-0.01488,0.017509999999999998,-0.09,-0.98,0.18,-0.42,-3.36,0.49,9.39
0.00642,-0.016919999999999998,-0.024990000000000002,-0.03385,0.00872,-0.09,-0.98,0.17,-0.63,-3.71,0.21,9.4
0.00428,-0.02528,-0.00627,-0.05055,0.01201,-0.09,-0.98,0.18,0.7,-2.94,0.42,9.41
0.00535,-0.02735,0.00314,-0.05471,0.017509999999999998,-0.1,-0.99,0.18,0.63,-2.94,0.0,9.42
0.00321,-0.020059999999999998,-0.00627,-0.04013,0.014209999999999999,-0.09,-0.99,0.17,-0.49,-3.64,-0.14,9.43
0.01073,-0.02528,0.00943,-0.05055,0.015309999999999999,-0.09,-0.99,0.17,-0.35,-3.57,-0.21,9.44
0.0075,-0.020059999999999998,0.00943,-0.04013,0.00763,-0.09,-0.99,0.18,-0.49,-3.36,-0.49,9.450000000000001
0.01722,-0.02735,0.00943,-0.05471,0.01311,-0.09,-0.98,0.17,-1.05,-3.5,-0.35,9.46
0.01289,-0.02424,-0.00314,-0.04847,0.014209999999999999,-0.07,-0.97,0.17,-0.49,-4.13,0.0,9.47
0.00535,-0.02943,-0.02188,-0.05885,0.00763,-0.07,-0.98,0.16,0.28,-4.9,0.42,9.48
0.0,-0.03767,-0.0094,-0.07535,0.02193,-0.08,-0.99,0.16,0.14,-4.41,-0.07,9.49
0.00857,-0.02839,-0.0312,-0.05678,0.006540000000000001,-0.08,-0.99,0.16,-0.49,-3.08,-0.21,9.5
0.00535,-0.03356,-0.01876,-0.06712,0.01641,-0.08,-0.99,0.17,-0.14,-2.94,-0.42,9.51
0.00321,-0.02424,-0.01876,-0.04847,0.01091,-0.08,-0.99,0.17,-0.21,-2.87,-0.14,9.52
0.00535,-0.02424,-0.01876,-0.04847,0.015309999999999999,-0.08,-0.99,0.17,-0.91,-2.73,-0.21,9.53
0.00107,-0.03046,-0.02188,-0.06092,0.01091,-0.08,-0.98,0.18,-0.84,-2.38,-0.07,9.540000000000001
0.00214,-0.02528,-0.0312,-0.05055,0.0054399999999999995,-0.08,-0.98,0.18,-0.07,-2.87,-0.07,9.55
0.013969999999999998,-0.02215,-0.01252,-0.04431,0.0032600000000000003,-0.09,-0.98,0.18,-0.07,-3.01,0.07,9.56
0.00428,-0.02632,-0.02188,-0.052629999999999996,0.0054399999999999995,-0.08,-0.99,0.17,-0.77,-3.08,0.0,9.57
0.01722,-0.01902,0.02206,-0.03804,0.00109,-0.08,-0.99,0.17,-0.49,-3.57,-0.14,9.58
0.00107,-0.02943,-0.04048,-0.05885,0.0032600000000000003,-0.08,-0.99,0.17,-0.7,-4.27,-0.14,9.59
0.00214,-0.03356,-0.0312,-0.06712,0.01201,-0.08,-0.99,0.17,-0.91,-4.55,0.0,9.6
0.0,-0.03046,-0.01565,-0.06092,0.014209999999999999,-0.08,-0.99,0.17,-0.42,-4.76,0.28,9.61
-0.00107,-0.02424,-0.02188,-0.04847,0.01091,-0.09,-0.99,0.17,-0.56,-3.78,-0.07,9.620000000000001
-0.00426,-0.02735,-0.024990000000000002,-0.05471,0.01311,-0.08,-0.99,0.17,-1.05,-3.64,-0.42,9.63
-0.00426,-0.02632,-0.04357,-0.052629999999999996,0.01201,-0.08,-0.98,0.17,-0.63,-3.64,-0.7,9.64
-0.00107,-0.02943,-0.0312,-0.05885,0.019719999999999998,-0.08,-0.99,0.17,-0.21,-2.94,-0.63,9.65
0.0,-0.0315,-0.01876,-0.06299,0.015309999999999999,-0.08,-0.99,0.17,-0.56,-2.38,-0.77,9.66
-0.009559999999999999,-0.0387,-0.0312,-0.0774,0.00763,-0.07,-0.99,0.16,-0.28,-2.45,-0.35,9.67
-0.01797,-0.04483,-0.05281,-0.08967,0.01201,-0.07,-0.99,0.17,0.21,-2.1,-0.7,9.68
0.0,-0.03253,-0.04357,-0.06506,0.006540000000000001,-0.07,-0.99,0.17,-0.42,-2.24,-0.77,9.69
-0.00213,-0.0387,-0.03739,-0.0774,0.00982,-0.07,-0.99,0.16,-0.77,-2.31,-0.98,9.700000000000001
-0.00744,-0.0315,-0.05587999999999999,-0.06299,-0.00109,-0.07,-0.99,0.16,-0.35,-2.31,-0.49,9.71
-0.01272,-0.03562,-0.04665,-0.07124,0.006540000000000001,-0.08,-0.98,0.17,-0.7,-2.38,-0.49,9.72
-0.00532,-0.034589999999999996,-0.04048,-0.06917999999999999,-0.00109,-0.07,-0.98,0.17,-0.35,-2.45,-0.42,9.73
-0.009559999999999999,-0.04381,-0.04357,-0.08763,0.00217,-0.07,-0.99,0.17,0.42,-2.8,0.07,9.74
-0.0032,-0.02632,-0.04665,-0.052629999999999996,0.00109,-0.07,-1.0,0.17,0.0,-2.94,0.14,9.75
-0.009559999999999999,-0.03253,-0.05281,-0.06506,-0.00109,-0.07,-0.99,0.16,-0.49,-2.73,-0.07,9.76
-0.00107,-0.03562,-0.028089999999999997,-0.07124,0.006540000000000001,-0.07,-0.99,0.16,0.0,-2.1,-0.14,9.77
-0.0032,-0.03253,0.0,-0.06506,0.00435,-0.07,-0.99,0.16,-0.07,-1.68,-0.07,9.78
-0.01167,-0.04177,-0.07119,-0.08354,0.0032600000000000003,-0.07,-0.98,0.17,-0.42,-2.1,-0.07,9.790000000000001
-0.00426,-0.02839,-0.04357,-0.05678,0.014209999999999999,-0.07,-0.98,0.16,-0.07,-2.8,0.35,9.8
-0.01272,-0.03972,-0.04048,-0.07945,0.006540000000000001,-0.07,-0.99,0.16,0.42,-2.59,0.42,9.81
-0.0085,-0.03767,-0.04973,-0.07535,0.006540000000000001,-0.08,-0.99,0.16,0.14,-2.24,0.35,9.82
-0.00426,-0.03665,-0.06813999999999999,-0.07329,-0.00109,-0.08,-0.99,0.16,0.0,-2.52,0.14,9.83
-0.009559999999999999,-0.04177,-0.04048,-0.08354,-0.00109,-0.09,-0.98,0.15,0.91,-1.82,0.42,9.84
-0.01061,-0.03767,-0.05281,-0.07535,0.0054399999999999995,-0.09,-1.0,0.15,1.12,-0.49,-0.07,9.85
-0.00532,-0.0387,-0.05587999999999999,-0.0774,0.00217,-0.08,-0.99,0.16,0.49,0.28,-0.35,9.86
0.00107,-0.03767,-0.01565,-0.07535,-0.00325,-0.07,-0.99,0.18,0.35,0.49,-0.7,9.870000000000001
-0.009559999999999999,-0.03356,-0.04357,-0.06712,0.00109,-0.07,-0.98,0.18,0.21,-0.21,-0.63,9.88
-0.00213,-0.0315,-0.0312,-0.06299,-0.00542,-0.08,-0.98,0.18,0.28,-0.49,-0.49,9.89
-0.0085,-0.03972,-0.04048,-0.07945,-0.00109,-0.08,-0.98,0.18,0.98,-0.77,-0.07,9.9
-0.014830000000000001,-0.0387,-0.04048,-0.0774,0.0032600000000000003,-0.08,-0.99,0.17,0.84,-0.84,-0.21,9.91
-0.014830000000000001,-0.04381,-0.05895,-0.08763,0.0,-0.08,-1.0,0.18,0.14,-0.98,-0.49,9.92
-0.01693,-0.04991,-0.04357,-0.09983,0.0054399999999999995,-0.08,-0.99,0.18,-0.49,-0.7,-0.63,9.93
-0.01902,-0.03665,-0.04048,-0.07329,0.0032600000000000003,-0.08,-0.98,0.18,-0.56,-0.28,-0.98,9.94
-0.01797,-0.04585,-0.062020000000000006,-0.0917,0.01091,-0.07,-0.98,0.18,-0.07,-1.12,-0.56,9.950000000000001
-0.01797,-0.04585,-0.05281,-0.0917,0.0032600000000000003,-0.07,-0.99,0.18,0.42,-1.82,-0.21,9.96
-0.02111,-0.04381,-0.06813999999999999,-0.08763,0.0,-0.07,-0.99,0.17,-0.14,-2.66,-0.14,9.97
-0.015880000000000002,-0.04483,-0.09247000000000001,-0.08967,0.0,-0.07,-0.99,0.17,-0.42,-3.01,-0.28,9.98
-0.02111,-0.04687,-0.08641,-0.09374,0.00109,-0.08,-0.98,0.17,-0.14,-2.87,-0.07,9.99
-0.01797,-0.04687,-0.05281,-0.09374,0.00435,-0.08,-0.98,0.17,-0.14,-2.94,-0.21,10.0
-0.02216,-0.04585,-0.05281,-0.0917,0.0032600000000000003,-0.07,-0.98,0.16,0.21,-2.45,-0.07,10.01
-0.020069999999999998,-0.04687,-0.04665,-0.09374,0.00217,-0.07,-0.99,0.16,0.42,-2.03,-0.21,10.02
-0.01797,-0.04075,-0.04973,-0.0815,0.0,-0.07,-0.99,0.17,-0.28,-1.82,-0.56,10.03
-0.01902,-0.04483,-0.04973,-0.08967,-0.00325,-0.07,-0.99,0.17,-0.14,-1.54,-0.49,10.040000000000001
-0.015880000000000002,-0.042789999999999995,-0.06813999999999999,-0.08559,-0.00109,-0.07,-0.98,0.17,0.0,-1.33,-0.35,10.05
-0.01902,-0.0489,-0.08338,-0.0978,0.0,-0.07,-0.98,0.18,0.28,-1.47,-0.35,10.06
-0.014830000000000001,-0.03972,-0.07424,-0.07945,-0.00325,-0.06,-0.99,0.18,0.28,-1.89,-0.21,10.07
-0.014830000000000001,-0.03972,-0.062020000000000006,-0.07945,-0.00974,-0.07,-0.99,0.17,-0.07,-1.89,-0.21,10.08
-0.03046,-0.055979999999999995,-0.06813999999999999,-0.11195,-0.00109,-0.07,-0.98,0.16,0.0,-1.89,0.0,10.09
-0.0232,-0.04483,-0.05281,-0.08967,-0.00217,-0.07,-0.99,0.16,0.49,-2.24,0.21,10.1
-0.02216,-0.04585,-0.07424,-0.0917,-0.0065,-0.07,-0.99,0.18,0.7,-2.1,0.28,10.11
-0.01693,-0.0387,-0.06813999999999999,-0.0774,0.00217,-0.07,-1.0,0.17,0.0,-2.1,0.0,10.120000000000001
-0.03046,-0.042789999999999995,-0.0955,-0.08559,-0.00109,-0.07,-0.99,0.17,-0.07,-2.03,0.07,10.13
-0.02111,-0.034589999999999996,-0.07119,-0.06917999999999999,-0.00542,-0.07,-0.99,0.18,-0.21,-1.96,0.0,10.14
-0.02632,-0.0315,-0.08641,-0.06299,0.00435,-0.07,-0.98,0.18,-0.49,-2.59,0.14,10.15
-0.02424,-0.03767,-0.06813999999999999,-0.07535,-0.0065,-0.06,-0.98,0.17,-0.07,-3.43,0.49,10.16
-0.014830000000000001,-0.034589999999999996,-0.06813999999999999,-0.06917999999999999,-0.0065,-0.07,-0.98,0.17,0.35,-3.57,0.42,10.17
-0.01693,-0.03253,-0.04048,-0.06506,-0.00217,-0.07,-0.99,0.18,-0.35,-3.85,0.35,10.18
-0.03665,-0.04687,-0.08338,-0.09374,-0.00109,-0.08,-0.99,0.17,-0.84,-3.71,0.14,10.19
-0.01902,-0.03562,-0.08338,-0.07124,-0.00434,-0.08,-0.98,0.17,-0.35,-3.78,0.07,10.200000000000001
-0.02424,-0.03562,-0.07119,-0.07124,-0.00217,-0.08,-0.98,0.17,0.14,-3.36,0.14,10.21
-0.02111,-0.03562,-0.07729,-0.07124,-0.00434,-0.07,-0.99,0.17,-0.56,-3.15,0.07,10.22
-0.02528,-0.04991,-0.08641,-0.09983,-0.00325,-0.07,-0.99,0.17,-0.77,-3.22,-0.14,10.23
-0.0232,-0.04381,-0.06508,-0.08763,-0.00974,-0.07,-0.98,0.17,-0.21,-2.94,-0.07,10.24
-0.02424,-0.04075,-0.10455999999999999,-0.0815,-0.00542,-0.06,-0.99,0.17,-0.35,-3.29,0.07,10.25
-0.02632,-0.04381,-0.07729,-0.08763,-0.00325,-0.06,-0.99,0.17,-0.98,-3.08,-0.21,10.26
-0.01693,-0.03665,-0.07119,-0.07329,-0.00434,-0.06,-0.98,0.17,-0.7,-2.66,0.14,10.27
-0.015880000000000002,-0.034589999999999996,-0.062020000000000006,-0.06917999999999999,-0.00974,-0.06,-0.99,0.17,-0.14,-2.66,0.35,10.28
-0.0428,-0.05396,-0.11657999999999999,-0.10792,0.0054399999999999995,-0.06,-0.99,0.17,-0.49,-3.15,0.35,10.290000000000001
-0.027360000000000002,-0.04075,-0.08034,-0.0815,-0.00974,-0.07,-0.99,0.16,-0.56,-2.94,0.35,10.3
-0.0232,-0.042789999999999995,-0.09852000000000001,-0.08559,-0.00217,-0.07,-0.98,0.16,0.07,-2.38,0.63,10.31
-0.027360000000000002,-0.04381,-0.07729,-0.08763,-0.00217,-0.07,-0.99,0.16,0.14,-1.4,0.49,10.32
-0.02216,-0.04483,-0.05281,-0.08967,-0.00758,-0.07,-0.99,0.16,-0.35,-0.91,0.21,10.33
-0.02632,-0.04381,-0.08945,-0.08763,-0.00325,-0.06,-0.99,0.16,-0.28,-1.12,0.14,10.34
-0.02528,-0.04075,-0.07729,-0.0815,0.00217,-0.07,-0.98,0.16,0.14,-0.98,0.28,10.35
-0.02424,-0.042789999999999995,-0.10455999999999999,-0.08559,-0.00974,-0.07,-0.99,0.16,-0.07,-0.77,0.35,10.36
-0.027360000000000002,-0.04687,-0.10153999999999999,-0.09374,-0.00434,-0.07,-0.99,0.17,-0.21,-0.77,0.21,10.370000000000001
-0.02111,-0.04075,-0.04665,-0.0815,0.006540000000000001,-0.07,-0.99,0.17,-0.35,-1.05,0.28,10.38
-0.03562,-0.05093,-0.11657999999999999,-0.10185,-0.00109,-0.06,-0.98,0.18,-0.21,-1.47,0.63,10.39
-0.01693,-0.04788,-0.08338,-0.09577000000000001,-0.0065,-0.05,-0.99,0.18,0.07,-2.38,1.05,10.4
-0.0232,-0.04177,-0.08338,-0.08354,-0.0065,-0.06,-0.99,0.17,-0.35,-2.8,0.98,10.41
-0.02111,-0.04991,-0.08338,-0.09983,-0.00109,-0.06,-0.98,0.17,-0.35,-2.87,1.12,10.42
-0.027360000000000002,-0.04585,-0.09852000000000001,-0.0917,-0.0065,-0.06,-0.98,0.16,0.42,-3.22,1.33,10.43
-0.0232,-0.0489,-0.09852000000000001,-0.0978,-0.01296,-0.06,-0.99,0.16,-0.07,-3.22,1.4,10.44
-0.02528,-0.04585,-0.08338,-0.0917,-0.00217,-0.07,-0.99,0.16,-0.21,-2.45,0.98,10.450000000000001
-0.02528,-0.04483,-0.09247000000000001,-0.08967,-0.00109,-0.07,-0.99,0.16,0.35,-1.75,0.98,10.46
-0.02216,-0.04381,-0.08641,-0.08763,-0.00542,-0.08,-0.99,0.16,0.56,-1.75,0.91,10.47
-0.03253,-0.055979999999999995,-0.10153999999999999,-0.11195,-0.00217,-0.07,-0.99,0.17,0.21,-1.4,0.7,10.48
-0.0232,-0.04483,-0.07119,-0.08967,0.00217,-0.07,-0.99,0.18,0.07,-1.26,0.7,10.49
-0.01902,-0.04687,-0.07729,-0.09374,-0.00974,-0.07,-0.98,0.17,0.28,-1.61,0.91,10.5
-0.02111,-0.04177,-0.07729,-0.08354,-0.00434,-0.06,-0.99,0.17,0.28,-1.96,0.91,10.51
-0.02216,-0.042789999999999995,-0.10757,-0.08559,-0.0065,-0.06,-0.99,0.17,0.35,-2.1,0.98,10.52
-0.0232,-0.04177,-0.0955,-0.08354,-0.00325,-0.06,-0.99,0.17,0.14,-2.17,0.91,10.53
-0.01797,-0.04381,-0.09247000000000001,-0.08763,-0.00542,-0.07,-0.99,0.17,0.07,-2.45,0.91,10.540000000000001
-0.0232,-0.03665,-0.08945,-0.07329,-0.0065,-0.07,-0.99,0.17,0.21,-2.73,1.05,10.55
-0.02111,-0.0489,-0.09852000000000001,-0.0978,-0.00325,-0.07,-0.99,0.17,0.42,-2.59,0.98,10.56
-0.034589999999999996,-0.04585,-0.08945,-0.0917,0.00217,-0.07,-0.99,0.17,0.07,-2.38,1.05,10.57
-0.00426,-0.03356,-0.04048,-0.06712,-0.01296,-0.07,-0.99,0.17,-0.14,-2.31,0.98,10.58
-0.02216,-0.03356,-0.08338,-0.06712,-0.01404,-0.07,-0.98,0.17,0.07,-2.17,1.12,10.59
-0.01693,-0.04381,-0.08034,-0.08763,-0.00758,-0.07,-0.99,0.17,0.14,-2.17,0.7,10.6
-0.02839,-0.04177,-0.09852000000000001,-0.08354,-0.00974,-0.07,-0.99,0.17,-0.21,-2.59,0.91,10.61
-0.02111,-0.04381,-0.09247000000000001,-0.08763,-0.00434,-0.07,-0.99,0.18,0.0,-2.45,0.77,10.620000000000001
-0.02424,-0.04075,-0.08641,-0.0815,-0.01296,-0.07,-0.99,0.17,-0.35,-3.15,0.91,10.63
-0.02528,-0.03767,-0.10455999999999999,-0.07535,-0.00758,-0.07,-0.99,0.17,-0.21,-3.22,0.7,10.64
-0.02424,-0.042789999999999995,-0.09247000000000001,-0.08559,-0.01404,-0.08,-0.99,0.17,0.07,-2.8,0.56,10.65
-0.02424,-0.0387,-0.08945,-0.0774,0.0,-0.08,-0.99,0.17,-0.07,-2.87,0.35,10.66
-0.0315,-0.04788,-0.09247000000000001,-0.09577000000000001,-0.00325,-0.08,-0.99,0.17,-0.07,-2.1,0.14,10.67
-0.01693,-0.02839,-0.08338,-0.05678,-0.01511,-0.08,-0.99,0.17,0.21,-1.33,0.07,10.68
-0.03665,-0.055979999999999995,-0.10455999999999999,-0.11195,-0.00109,-0.07,-0.99,0.17,0.07,-1.89,0.14,10.69
-0.02111,-0.042789999999999995,-0.07729,-0.08559,0.0,-0.06,-0.99,0.17,-0.07,-2.59,0.28,10.700000000000001
-0.027360000000000002,-0.04075,-0.08034,-0.0815,-0.00866,-0.06,-0.99,0.17,-0.07,-2.52,0.21,10.71
-0.020069999999999998,-0.03665,-0.08034,-0.07329,0.00217,-0.06,-0.99,0.17,-0.42,-2.66,0.21,10.72
-0.02632,-0.04585,-0.08034,-0.0917,-0.00542,-0.06,-0.99,0.17,-0.28,-2.73,0.35,10.73
-0.02943,-0.03972,-0.08945,-0.07945,-0.00866,-0.06,-0.99,0.17,0.0,-2.8,0.56,10.74
-0.027360000000000002,-0.03972,-0.06813999999999999,-0.07945,-0.00434,-0.06,-0.99,0.17,-0.14,-2.8,0.56,10.75
-0.03046,-0.04177,-0.06508,-0.08354,-0.00542,-0.06,-0.99,0.16,-0.21,-2.87,0.84,10.76
-0.01693,-0.04381,-0.06508,-0.08763,-0.00974,-0.06,-0.99,0.16,0.0,-2.38,0.84,10.77
-0.034589999999999996,-0.054970000000000005,-0.10455999999999999,-0.10994000000000001,-0.00434,-0.06,-0.99,0.16,-0.07,-2.24,0.77,10.78
-0.03046,-0.04585,-0.10455999999999999,-0.0917,-0.00217,-0.07,-0.98,0.16,0.35,-1.68,0.84,10.790000000000001
-0.02111,-0.04381,-0.08945,-0.08763,-0.00434,-0.06,-0.99,0.17,0.49,-1.75,0.91,10.8
-0.03046,-0.04075,-0.07729,-0.0815,0.00217,-0.06,-0.99,0.17,-0.14,-2.17,0.7,10.81
-0.0232,-0.0387,-0.08641,-0.0774,0.0032600000000000003,-0.06,-0.98,0.17,0.0,-2.17,0.91,10.82
-0.01797,-0.034589999999999996,-0.06508,-0.06917999999999999,-0.00542,-0.07,-0.99,0.17,0.14,-2.1,0.77,10.83
-0.02424,-0.0387,-0.08034,-0.0774,0.00109,-0.06,-0.99,0.17,-0.28,-2.45,0.77,10.84
-0.02111,-0.03562,-0.08945,-0.07124,0.00109,-0.06,-0.99,0.17,0.14,-2.8,1.19,10.85
-0.02216,-0.04177,-0.09247000000000001,-0.08354,-0.00325,-0.06,-0.99,0.17,0.28,-3.29,1.33,10.86
-0.01797,-0.03767,-0.06508,-0.07535,-0.00758,-0.07,-0.99,0.17,-0.07,-2.94,1.12,10.870000000000001
-0.02216,-0.03356,-0.05587999999999999,-0.06712,-0.00109,-0.06,-0.99,0.17,-0.42,-3.43,1.12,10.88
-0.020069999999999998,-0.03562,-0.05281,-0.07124,-0.00758,-0.06,-0.98,0.17,0.0,-3.78,1.61,10.89
-0.020069999999999998,-0.03665,-0.08338,-0.07329,-0.00758,-0.07,-0.99,0.17,0.07,-3.71,1.4,10.9
-0.02632,-0.0387,-0.07729,-0.0774,-0.00325,-0.07,-0.99,0.17,-0.42,-3.43,1.26,10.91
-0.020069999999999998,-0.03972,-0.08945,-0.07945,0.0,-0.08,-0.99,0.17,-0.14,-3.01,1.05,10.92
-0.02839,-0.034589999999999996,-0.07424,-0.06917999999999999,-0.011890000000000001,-0.08,-0.99,0.17,-0.07,-2.59,1.12,10.93
-0.027360000000000002,-0.0315,-0.07729,-0.06299,-0.00758,-0.08,-0.99,0.16,-0.42,-2.31,0.84,10.94
-0.02216,-0.04177,-0.07424,-0.08354,-0.00434,-0.07,-0.99,0.16,-0.35,-2.03,0.77,10.950000000000001
-0.0232,-0.03665,-0.09852000000000001,-0.07329,-0.00109,-0.07,-0.99,0.16,-0.07,-1.61,0.7,10.96
-0.014830000000000001,-0.034589999999999996,-0.07424,-0.06917999999999999,-0.00974,-0.07,-0.99,0.17,0.0,-1.12,0.77,10.97
-0.02943,-0.04788,-0.12855,-0.09577000000000001,-0.00542,-0.06,-0.99,0.17,-0.35,-1.19,0.84,10.98
-0.02528,-0.03972,-0.11358,-0.07945,0.0,-0.06,-0.99,0.17,-0.56,-1.61,0.56,10.99
-0.02424,-0.03562,-0.08338,-0.07124,0.0032600000000000003,-0.06,-0.98,0.17,-0.35,-1.82,0.84,11.0
-0.01797,-0.03253,-0.08338,-0.06506,-0.0065,-0.06,-0.98,0.17,-0.07,-2.45,1.19,11.01
-0.02632,-0.0387,-0.08034,-0.0774,-0.00974,-0.07,-0.99,0.17,0.42,-2.59,1.47,11.02
-0.02632,-0.03972,-0.07424,-0.07945,-0.00974,-0.07,-1.0,0.16,-0.07,-2.45,0.98,11.03
-0.01693,-0.03253,-0.07424,-0.06506,-0.00974,-0.07,-0.98,0.16,-0.49,-2.1,0.98,11.040000000000001
-0.02216,-0.0387,-0.07729,-0.0774,-0.00217,-0.07,-0.99,0.16,0.07,-2.24,1.05,11.05
-0.0232,-0.03253,-0.08338,-0.06506,-0.01081,-0.07,-0.99,0.16,0.35,-1.96,1.19,11.06
-0.02216,-0.03665,-0.04048,-0.07329,-0.011890000000000001,-0.07,-0.99,0.17,-0.21,-1.61,0.91,11.07
-0.01693,-0.0387,-0.08641,-0.0774,0.0,-0.07,-0.98,0.17,-0.21,-1.75,0.77,11.08
-0.01693,-0.04075,-0.10455999999999999,-0.0815,-0.00325,-0.07,-0.99,0.17,0.21,-1.89,0.84,11.09
-0.020069999999999998,-0.03767,-0.07729,-0.07535,-0.00217,-0.07,-0.99,0.17,-0.07,-2.17,0.91,11.1
-0.01693,-0.03046,-0.05895,-0.06092,-0.00866,-0.08,-0.99,0.17,-0.21,-2.03,0.7,11.11
-0.01797,-0.03767,-0.07424,-0.07535,0.00435,-0.07,-0.99,0.17,-0.07,-1.61,0.77,11.120000000000001
-0.01797,-0.03253,-0.09852000000000001,-0.06506,-0.011890000000000001,-0.07,-0.99,0.17,0.0,-1.89,0.49,11.13
-0.01693,-0.03665,-0.08945,-0.07329,0.0,-0.08,-0.99,0.18,-0.56,-2.03,0.56,11.14
-0.01797,-0.03767,-0.07729,-0.07535,-0.00542,-0.07,-0.98,0.18,-0.49,-2.8,1.19,11.15
-0.01693,-0.03356,-0.08641,-0.06712,-0.00542,-0.07,-0.99,0.17,0.0,-3.01,1.12,11.16
-0.02111,-0.0387,-0.10455999999999999,-0.0774,0.0032600000000000003,-0.07,-0.99,0.19,-0.98,-4.55,1.05,11.17
-0.01797,-0.03046,-0.04357,-0.06092,-0.00109,-0.07,-0.98,0.17,-1.61,-6.09,1.26,11.18
-0.01167,-0.03046,-0.05587999999999999,-0.06092,-0.0065,-0.08,-0.98,0.16,-0.49,-3.64,1.19,11.19
-0.01693,-0.03767,-0.07729,-0.07535,-0.00866,-0.06,-0.99,0.17,0.0,-2.87,0.84,11.200000000000001
-0.01272,-0.03665,-0.062020000000000006,-0.07329,-0.00325,-0.06,-0.99,0.17,-0.84,-4.06,0.91,11.21
-0.020069999999999998,-0.03356,-0.09247000000000001,-0.06712,-0.00325,-0.06,-0.99,0.16,-1.19,-3.92,0.63,11.22
-0.01902,-0.03253,-0.07424,-0.06506,-0.00109,-0.07,-0.99,0.16,-0.49,-3.08,0.63,11.23
-0.01797,-0.03562,-0.09247000000000001,-0.07124,-0.00542,-0.08,-0.99,0.16,-0.28,-2.73,0.49,11.24
-0.01272,-0.03253,-0.06508,-0.06506,-0.00542,-0.08,-1.0,0.16,-0.42,-2.45,0.42,11.25
-0.01693,-0.02839,-0.05895,-0.05678,0.0,-0.08,-0.99,0.17,-0.84,-1.82,-0.21,11.26
-0.01272,-0.02528,-0.04973,-0.05055,-0.0065,-0.07,-0.99,0.17,-0.77,-0.77,-0.21,11.27
-0.009559999999999999,-0.02111,-0.0312,-0.04222,-0.01296,-0.06,-0.99,0.17,-0.49,-1.12,0.0,11.28
-0.00426,-0.02111,-0.05587999999999999,-0.04222,-0.00866,-0.06,-0.98,0.18,-0.49,-1.89,0.14,11.290000000000001
